{
  "twolf": {
    "benchmark": "twolf",
    "ipc": {
      "baseline": 0.9406,
      "5%": 0.929,
      "10%": 0.9269,
      "20%": 0.9089,
      "50%": 0.8598,
      "legacy": 0.7569
    },
    "cc3_power_pct": {
      "5%": 18.0,
      "10%": 19.0,
      "20%": 23.0,
      "50%": 40.0,
      "legacy": 71.0
    },
    "cc3_avg_power_pct": {
      "5%": 16.0,
      "10%": 17.0,
      "20%": 19.0,
      "50%": 28.0,
      "legacy": 37.0
    },
    "fp_adder_busy": {
      "5%": 2041538,
      "10%": 2622751,
      "20%": 3801384,
      "50%": 9674244,
      "legacy": 18328231
    }
  },
  "crafty": {
    "benchmark": "crafty",
    "ipc": {
      "baseline": 1.938,
      "5%": 1.9197,
      "10%": 1.8995,
      "20%": 1.862,
      "50%": 1.6417,
      "legacy": 1.1865
    },
    "cc3_power_pct": {
      "5%": 18.0,
      "10%": 20.0,
      "20%": 24.0,
      "50%": 45.0,
      "legacy": 89.0
    },
    "cc3_avg_power_pct": {
      "5%": 17.0,
      "10%": 18.0,
      "20%": 19.0,
      "50%": 22.0,
      "legacy": 16.0
    },
    "fp_adder_busy": {
      "5%": 82310,
      "10%": 146902,
      "20%": 253554,
      "50%": 753256,
      "legacy": 1634443
    }
  },
  "parser": {
    "benchmark": "parser",
    "ipc": {
      "baseline": 1.6205,
      "5%": 1.6205,
      "10%": 1.6203,
      "20%": 1.5964,
      "50%": 1.4388,
      "legacy": 1.0897
    },
    "cc3_power_pct": {
      "5%": 22.0,
      "10%": 25.0,
      "20%": 31.0,
      "50%": 48.0,
      "legacy": 90.0
    },
    "cc3_avg_power_pct": {
      "5%": 22.0,
      "10%": 25.0,
      "20%": 29.0,
      "50%": 31.0,
      "legacy": 27.0
    },
    "fp_adder_busy": {
      "5%": 1435636,
      "10%": 2493888,
      "20%": 4492654,
      "50%": 9104150,
      "legacy": 17540806
    }
  },
  "lucas": {
    "benchmark": "lucas",
    "ipc": {
      "baseline": 0.9751,
      "5%": 0.9825,
      "10%": 0.9789,
      "20%": 0.9758,
      "50%": 0.9378,
      "legacy": 0.8355
    },
    "cc3_power_pct": {
      "5%": 18.0,
      "10%": 20.0,
      "20%": 23.0,
      "50%": 25.0,
      "legacy": 46.0
    },
    "cc3_avg_power_pct": {
      "5%": 19.0,
      "10%": 20.0,
      "20%": 23.0,
      "50%": 21.0,
      "legacy": 25.0
    },
    "fp_adder_busy": {
      "5%": 9027817,
      "10%": 9527995,
      "20%": 10193061,
      "50%": 11031541,
      "legacy": 14512899
    }
  },
  "perlbmk": {
    "benchmark": "perlbmk",
    "ipc": {
      "baseline": 2.4459,
      "5%": 2.3974,
      "10%": 2.3447,
      "20%": 2.2523,
      "50%": 1.9312,
      "legacy": 1.1834
    },
    "cc3_power_pct": {
      "5%": 18.0,
      "10%": 21.0,
      "20%": 27.0,
      "50%": 53.0,
      "legacy": 108.0
    },
    "cc3_avg_power_pct": {
      "5%": 15.0,
      "10%": 16.0,
      "20%": 17.0,
      "50%": 20.0,
      "legacy": 0.0
    },
    "fp_adder_busy": {
      "5%": 830306,
      "10%": 1667586,
      "20%": 3537272,
      "50%": 8955525,
      "legacy": 16893302
    }
  },
  "equake": {
    "benchmark": "equake",
    "ipc": {
      "baseline": 1.9573,
      "5%": 1.8866,
      "10%": 1.8621,
      "20%": 1.8094,
      "50%": 1.5859,
      "legacy": 1.2531
    },
    "cc3_power_pct": {
      "5%": 16.0,
      "10%": 18.0,
      "20%": 22.0,
      "50%": 42.0,
      "legacy": 79.0
    },
    "cc3_avg_power_pct": {
      "5%": 11.0,
      "10%": 12.0,
      "20%": 12.0,
      "50%": 15.0,
      "legacy": 14.0
    },
    "fp_adder_busy": {
      "5%": 4453692,
      "10%": 4928222,
      "20%": 5631320,
      "50%": 9088168,
      "legacy": 13937477
    }
  },
  "swim": {
    "benchmark": "swim",
    "ipc": {
      "baseline": 1.7198,
      "5%": 1.7136,
      "10%": 1.6455,
      "20%": 1.6146,
      "50%": 1.5554,
      "legacy": 1.4151
    },
    "cc3_power_pct": {
      "5%": 13.0,
      "10%": 15.0,
      "20%": 18.0,
      "50%": 24.0,
      "legacy": 39.0
    },
    "cc3_avg_power_pct": {
      "5%": 13.0,
      "10%": 10.0,
      "20%": 11.0,
      "50%": 12.0,
      "legacy": 14.0
    },
    "fp_adder_busy": {
      "5%": 6036740,
      "10%": 6286531,
      "20%": 6713251,
      "50%": 7598518,
      "legacy": 9886041
    }
  },
  "fma": {
    "benchmark": "fma",
    "ipc": {
      "baseline": 0.6294,
      "5%": 0.6298,
      "10%": 0.6294,
      "20%": 0.628,
      "50%": 0.622,
      "legacy": 0.6027
    },
    "cc3_power_pct": {
      "5%": 12.0,
      "10%": 13.0,
      "20%": 17.0,
      "50%": 29.0,
      "legacy": 40.0
    },
    "cc3_avg_power_pct": {
      "5%": 12.0,
      "10%": 13.0,
      "20%": 17.0,
      "50%": 28.0,
      "legacy": 34.0
    },
    "fp_adder_busy": {
      "5%": 6874650,
      "10%": 7571434,
      "20%": 8790336,
      "50%": 12993996,
      "legacy": 18860872
    }
  },
  "mesa": {
    "benchmark": "mesa",
    "ipc": {
      "baseline": 2.4456,
      "5%": 2.3671,
      "10%": 2.3306,
      "20%": 2.2407,
      "50%": 1.8061,
      "legacy": 1.2755
    },
    "cc3_power_pct": {
      "5%": 19.0,
      "10%": 21.0,
      "20%": 27.0,
      "50%": 51.0,
      "legacy": 97.0
    },
    "cc3_avg_power_pct": {
      "5%": 15.0,
      "10%": 16.0,
      "20%": 16.0,
      "50%": 11.0,
      "legacy": 2.0
    },
    "fp_adder_busy": {
      "5%": 3019133,
      "10%": 3694757,
      "20%": 4884439,
      "50%": 8904257,
      "legacy": 15609133
    }
  },
  "vortex": {
    "benchmark": "vortex",
    "ipc": {
      "baseline": 2.2745,
      "5%": 2.2154,
      "10%": 1.9884,
      "20%": 1.8747,
      "50%": 1.6265,
      "legacy": 1.1704
    },
    "cc3_power_pct": {
      "5%": 18.0,
      "10%": 26.0,
      "20%": 33.0,
      "50%": 57.0,
      "legacy": 107.0
    },
    "cc3_avg_power_pct": {
      "5%": 15.0,
      "10%": 10.0,
      "20%": 10.0,
      "50%": 12.0,
      "legacy": 6.0
    },
    "fp_adder_busy": {
      "5%": 962126,
      "10%": 2022542,
      "20%": 3990022,
      "50%": 8679133,
      "legacy": 16382981
    }
  },
  "mgrid": {
    "benchmark": "mgrid",
    "ipc": {
      "baseline": 1.5773,
      "5%": 1.4797,
      "10%": 1.4652,
      "20%": 1.4484,
      "50%": 1.3076,
      "legacy": 1.1127
    },
    "cc3_power_pct": {
      "5%": 16.0,
      "10%": 18.0,
      "20%": 21.0,
      "50%": 31.0,
      "legacy": 50.0
    },
    "cc3_avg_power_pct": {
      "5%": 9.0,
      "10%": 10.0,
      "20%": 11.0,
      "50%": 9.0,
      "legacy": 6.0
    },
    "fp_adder_busy": {
      "5%": 9788921,
      "10%": 10194143,
      "20%": 10908331,
      "50%": 12982775,
      "legacy": 17045751
    }
  },
  "gzip": {
    "benchmark": "gzip",
    "ipc": {
      "baseline": 2.1587,
      "5%": 2.1235,
      "10%": 2.1067,
      "20%": 2.0609,
      "50%": 1.5167,
      "legacy": 1.1319
    },
    "cc3_power_pct": {
      "5%": 20.0,
      "10%": 23.0,
      "20%": 28.0,
      "50%": 61.0,
      "legacy": 103.0
    },
    "cc3_avg_power_pct": {
      "5%": 18.0,
      "10%": 20.0,
      "20%": 22.0,
      "50%": 13.0,
      "legacy": 6.0
    },
    "fp_adder_busy": {
      "5%": 1730330,
      "10%": 2723584,
      "20%": 4140776,
      "50%": 9691128,
      "legacy": 17561858
    }
  },
  "galgel": {
    "benchmark": "galgel",
    "ipc": {
      "baseline": 1.8268,
      "5%": 1.7311,
      "10%": 1.6959,
      "20%": 1.6652,
      "50%": 1.6447,
      "legacy": 1.3264
    },
    "cc3_power_pct": {
      "5%": 15.0,
      "10%": 18.0,
      "20%": 22.0,
      "50%": 26.0,
      "legacy": 62.0
    },
    "cc3_avg_power_pct": {
      "5%": 9.0,
      "10%": 10.0,
      "20%": 11.0,
      "50%": 14.0,
      "legacy": 17.0
    },
    "fp_adder_busy": {
      "5%": 4432884,
      "10%": 5127760,
      "20%": 5787364,
      "50%": 6996002,
      "legacy": 12675270
    }
  },
  "appsi": {
    "benchmark": "appsi",
    "ipc": {
      "baseline": 0.8804,
      "5%": 0.8593,
      "10%": 0.8591,
      "20%": 0.8591,
      "50%": 0.8527,
      "legacy": 0.844
    },
    "cc3_power_pct": {
      "5%": 17.0,
      "10%": 18.0,
      "20%": 19.0,
      "50%": 27.0,
      "legacy": 40.0
    },
    "cc3_avg_power_pct": {
      "5%": 15.0,
      "10%": 15.0,
      "20%": 16.0,
      "50%": 23.0,
      "legacy": 34.0
    },
    "fp_adder_busy": {
      "5%": 5779960,
      "10%": 6109266,
      "20%": 6431060,
      "50%": 8313392,
      "legacy": 12988697
    }
  },
  "wupwise": {
    "benchmark": "wupwise",
    "ipc": {
      "baseline": 1.9984,
      "5%": 1.9722,
      "10%": 1.9348,
      "20%": 1.8544,
      "50%": 1.5967,
      "legacy": 1.3395
    },
    "cc3_power_pct": {
      "5%": 17.0,
      "10%": 19.0,
      "20%": 25.0,
      "50%": 41.0,
      "legacy": 67.0
    },
    "cc3_avg_power_pct": {
      "5%": 15.0,
      "10%": 15.0,
      "20%": 16.0,
      "50%": 12.0,
      "legacy": 12.0
    },
    "fp_adder_busy": {
      "5%": 4589435,
      "10%": 5119635,
      "20%": 5931655,
      "50%": 8657890,
      "legacy": 13441206
    }
  },
  "art": {
    "benchmark": "art",
    "ipc": {
      "baseline": 0.8637,
      "5%": 0.8366,
      "10%": 0.8234,
      "20%": 0.8234,
      "50%": 0.6806,
      "legacy": 0.658
    },
    "cc3_power_pct": {
      "5%": 19.0,
      "10%": 22.0,
      "20%": 22.0,
      "50%": 37.0,
      "legacy": 57.0
    },
    "cc3_avg_power_pct": {
      "5%": 15.0,
      "10%": 16.0,
      "20%": 16.0,
      "50%": 8.0,
      "legacy": 19.0
    },
    "fp_adder_busy": {
      "5%": 5802348,
      "10%": 6350620,
      "20%": 6395054,
      "50%": 8318301,
      "legacy": 15248917
    }
  },
  "vpr": {
    "benchmark": "vpr",
    "ipc": {
      "baseline": 1.2618,
      "5%": 1.1961,
      "10%": 1.1466,
      "20%": 1.0803,
      "50%": 0.952,
      "legacy": 0.8183
    },
    "cc3_power_pct": {
      "5%": 21.0,
      "10%": 27.0,
      "20%": 34.0,
      "50%": 55.0,
      "legacy": 90.0
    },
    "cc3_avg_power_pct": {
      "5%": 15.0,
      "10%": 16.0,
      "20%": 15.0,
      "50%": 17.0,
      "legacy": 23.0
    },
    "fp_adder_busy": {
      "5%": 4722045,
      "10%": 5883570,
      "20%": 7107106,
      "50%": 11782579,
      "legacy": 19545245
    }
  },
  "facerec": {
    "benchmark": "facerec",
    "ipc": {
      "baseline": 2.2948,
      "5%": 2.1651,
      "10%": 2.0683,
      "20%": 2.0181,
      "50%": 1.6778,
      "legacy": 1.2154
    },
    "cc3_power_pct": {
      "5%": 18.0,
      "10%": 23.0,
      "20%": 29.0,
      "50%": 46.0,
      "legacy": 73.0
    },
    "cc3_avg_power_pct": {
      "5%": 12.0,
      "10%": 11.0,
      "20%": 14.0,
      "50%": 6.0,
      "legacy": -8.0
    },
    "fp_adder_busy": {
      "5%": 656023,
      "10%": 721531,
      "20%": 860421,
      "50%": 1073551,
      "legacy": 1551393
    }
  },
  "ammp": {
    "benchmark": "ammp",
    "ipc": {
      "baseline": 1.0984,
      "5%": 1.0815,
      "10%": 1.0663,
      "20%": 1.013,
      "50%": 0.9762,
      "legacy": 0.8531
    },
    "cc3_power_pct": {
      "5%": 16.0,
      "10%": 19.0,
      "20%": 25.0,
      "50%": 37.0,
      "legacy": 61.0
    },
    "cc3_avg_power_pct": {
      "5%": 15.0,
      "10%": 15.0,
      "20%": 15.0,
      "50%": 22.0,
      "legacy": 25.0
    },
    "fp_adder_busy": {
      "5%": 5106366,
      "10%": 5753078,
      "20%": 7376260,
      "50%": 10943497,
      "legacy": 16340866
    }
  },
  "mcf": {
    "benchmark": "mcf",
    "ipc": {
      "baseline": 0.5413,
      "5%": 0.5357,
      "10%": 0.5303,
      "20%": 0.5096,
      "50%": 0.4617,
      "legacy": 0.3742
    },
    "cc3_power_pct": {
      "5%": 19.0,
      "10%": 21.0,
      "20%": 26.0,
      "50%": 38.0,
      "legacy": 62.0
    },
    "cc3_avg_power_pct": {
      "5%": 18.0,
      "10%": 19.0,
      "20%": 18.0,
      "50%": 18.0,
      "legacy": 12.0
    },
    "fp_adder_busy": {
      "5%": 2370978,
      "10%": 3468218,
      "20%": 7669164,
      "50%": 14650562,
      "legacy": 22868756
    }
  },
  "bzip": {
    "benchmark": "bzip",
    "ipc": {
      "baseline": 1.9921,
      "5%": 1.9637,
      "10%": 1.9606,
      "20%": 1.9216,
      "50%": 1.6253,
      "legacy": 1.2195
    },
    "cc3_power_pct": {
      "5%": 18.0,
      "10%": 19.0,
      "20%": 23.0,
      "50%": 46.0,
      "legacy": 85.0
    },
    "cc3_avg_power_pct": {
      "5%": 17.0,
      "10%": 17.0,
      "20%": 18.0,
      "50%": 19.0,
      "legacy": 13.0
    },
    "fp_adder_busy": {
      "5%": 939194,
      "10%": 1004268,
      "20%": 2316224,
      "50%": 8195270,
      "legacy": 16350197
    }
  },
  "gap": {
    "benchmark": "gap",
    "ipc": {
      "baseline": 2.0325,
      "5%": 2.0019,
      "10%": 1.9822,
      "20%": 1.9557,
      "50%": 1.8175,
      "legacy": 1.4045
    },
    "cc3_power_pct": {
      "5%": 19.0,
      "10%": 21.0,
      "20%": 24.0,
      "50%": 36.0,
      "legacy": 74.0
    },
    "cc3_avg_power_pct": {
      "5%": 17.0,
      "10%": 18.0,
      "20%": 19.0,
      "50%": 22.0,
      "legacy": 20.0
    },
    "fp_adder_busy": {
      "5%": 915744,
      "10%": 1521534,
      "20%": 2462896,
      "50%": 5939048,
      "legacy": 13793689
    }
  },
  "gcc": {
    "benchmark": "gcc",
    "ipc": {
      "baseline": 0.7889,
      "5%": 0.7863,
      "10%": 0.7823,
      "20%": 0.7759,
      "50%": 0.7466,
      "legacy": 0.6764
    },
    "cc3_power_pct": {
      "5%": 16.0,
      "10%": 17.0,
      "20%": 21.0,
      "50%": 32.0,
      "legacy": 59.0
    },
    "cc3_avg_power_pct": {
      "5%": 15.0,
      "10%": 16.0,
      "20%": 19.0,
      "50%": 25.0,
      "legacy": 36.0
    },
    "fp_adder_busy": {
      "5%": 655318,
      "10%": 1427492,
      "20%": 3104906,
      "50%": 8161220,
      "legacy": 17348724
    }
  },
  "applu": {
    "benchmark": "applu",
    "ipc": {
      "baseline": 1.9963,
      "5%": 1.9905,
      "10%": 1.9904,
      "20%": 1.9437,
      "50%": 1.7993,
      "legacy": 1.5948
    },
    "cc3_power_pct": {
      "5%": 16.0,
      "10%": 17.0,
      "20%": 19.0,
      "50%": 31.0,
      "legacy": 51.0
    },
    "cc3_avg_power_pct": {
      "5%": 15.0,
      "10%": 16.0,
      "20%": 16.0,
      "50%": 18.0,
      "legacy": 20.0
    },
    "fp_adder_busy": {
      "5%": 4585789,
      "10%": 4850344,
      "20%": 5491241,
      "50%": 7653773,
      "legacy": 11089987
    }
  },
  "eon": {
    "benchmark": "eon",
    "ipc": {
      "baseline": 1.6323,
      "5%": 1.5559,
      "10%": 1.5444,
      "20%": 1.5269,
      "50%": 1.4558,
      "legacy": 1.2139
    },
    "cc3_power_pct": {
      "5%": 23.0,
      "10%": 25.0,
      "20%": 28.0,
      "50%": 37.0,
      "legacy": 64.0
    },
    "cc3_avg_power_pct": {
      "5%": 18.0,
      "10%": 18.0,
      "20%": 19.0,
      "50%": 22.0,
      "legacy": 22.0
    },
    "fp_adder_busy": {
      "5%": 4136556,
      "10%": 4646522,
      "20%": 5724996,
      "50%": 8443390,
      "legacy": 15124719
    }
  }
}